<?xml version="1.0" encoding="UTF-8" ?>
<XMLDB PATH="local/team_coach/db" VERSION="20230605" COMMENT="XMLDB file for Moodle local/team_coach"
    xmlns:xsi="http://www.w3.org/2001/XMLSchema-instance"
    xsi:noNamespaceSchemaLocation="../../../lib/xmldb/xmldb.xsd"
>
  <TABLES>
    <TABLE NAME="theme_detail" COMMENT="theme records are saved">
      <FIELDS>
        <FIELD NAME="id" TYPE="int" LENGTH="10" NOTNULL="true" SEQUENCE="true"/>
        <FIELD NAME="userid" TYPE="int" LENGTH="20" NOTNULL="true" SEQUENCE="false"/>
        <FIELD NAME="url" TYPE="text" NOTNULL="false" SEQUENCE="false"/>
        <FIELD NAME="name" TYPE="char" LENGTH="200" NOTNULL="false" SEQUENCE="false"/>
        <FIELD NAME="theme_color" TYPE="char" LENGTH="250" NOTNULL="false" SEQUENCE="false"/>
        <FIELD NAME="logo_path" TYPE="text" NOTNULL="false" SEQUENCE="false"/>
        <FIELD NAME="lang" TYPE="char" LENGTH="250" NOTNULL="false" SEQUENCE="false"/>
        <FIELD NAME="signup" TYPE="int" LENGTH="20" NOTNULL="false" SEQUENCE="false"/>
        <FIELD NAME="time_created" TYPE="int" LENGTH="20" NOTNULL="false" SEQUENCE="false"/>
        <FIELD NAME="time_modified" TYPE="int" LENGTH="20" NOTNULL="false" SEQUENCE="false"/>
      </FIELDS>
      <KEYS>
        <KEY NAME="primary" TYPE="primary" FIELDS="id"/>
      </KEYS>
    </TABLE>
  </TABLES>
</XMLDB>